net,id,kind,city,country,status,start,end,periodLabel,lat,lon,approx,db,avail,t0,t1
aeronet,Blida,AERONET site,Blida,Algeria,Inactive,2004,2006,,36.50833,2.88056,False,,,,
aeronet,Tamanrasset_INM,AERONET site,Tamanrasset,Algeria,Active,2000,,,22.79,5.53,False,,,,
aeronet,Tamanrasset_TMP,AERONET site,Tamanrasset,Algeria,Inactive,2010,2012,,22.79,5.53,False,,,,
aeronet,Bordj_Badji_Mokhtar,AERONET site,Bordj Badji Mokhtar,Algeria,Inactive,2010,2012,,21.38,0.92,False,,,,
aeronet,Tizi_Ouzou,AERONET site,Tizi Ouzou,Algeria,Inactive,2018,2020,,36.69861,4.05583,False,,,,
aeronet,Lubango,AERONET site,Lubango,Angola,Inactive,2017,2019,,-14.958,13.445,False,,,,
aeronet,Namibe,AERONET site,Namibe,Angola,Inactive,2017,2019,,-15.159,12.178,False,,,,
aeronet,Huambo,AERONET site,Huambo,Angola,Inactive,2018,2020,,-12.8679,15.7046,False,,,,
aeronet,Maun_Tower,AERONET site,Maun,Botswana,Active,2000,,,-19.90211,23.52817,False,,,,
aeronet,Sua_Pan,AERONET site,Sua Pan,Botswana,Inactive,2001,2004,,-20.53333,26.06667,False,,,,
aeronet,Ouagadougou,AERONET site,Ouagadougou,Burkina Faso,Active,2000,,,12.42413,-1.48723,False,,,,
aeronet,Bidi_Bahn,AERONET site,Bidi,Burkina Faso,Inactive,2004,2006,,14.06,-2.45,False,,,,
aeronet,Bujumbura,AERONET site,Bujumbura,Burundi,Inactive,2014,2016,,-3.38,29.38383,False,,,,
aeronet,CATUC_Bamenda,AERONET site,Bamenda,Cameroon,Active,2018,,,5.9491,10.1563,False,,,,
aeronet,LAMTO-STATION,AERONET site,Lamto,Côte d'Ivoire,Active,2019,,,6.22352,-5.02662,False,,,,
aeronet,Capo_Verde,AERONET site,Praia,Cape Verde,Active,2002,,,16.7325,-22.9355,False,,,,
aeronet,Praia,AERONET site,Praia,Cape Verde,Inactive,2007,2010,,14.947,-23.484,False,,,,
aeronet,Calhau,AERONET site,Calhau,Cape Verde,Inactive,2012,2014,,16.86389,-24.86722,False,,,,
aeronet,Mindelo_OSCM,AERONET site,Mindelo,Cape Verde,Active,2022,,,16.87777,-24.995,True,,,,
aeronet,Bondoukoui,AERONET site,Bondoukou,Burkina Faso,Inactive,2004,2006,,11.85,-3.75,False,,,,
aeronet,Cairo_University,AERONET site,Cairo,Egypt,Inactive,2005,2008,,30.02617,31.20732,False,,,,
aeronet,Cairo_EMA_2,AERONET site,Cairo,Egypt,Active,2017,,,30.08077,31.29007,False,,,,
aeronet,El_Farafra,AERONET site,Farafra,Egypt,Inactive,2010,2014,,27.058,27.99017,False,,,,
aeronet,Qena_SVU,AERONET site,Qena,Egypt,Inactive,2018,2020,,26.19992,32.74703,False,,,,
aeronet,AAU_ET,AERONET site,Addis Ababa,Ethiopia,Active,2019,,,9.01917,38.7636,True,,,,
aeronet,Koforidua_ANUC,AERONET site,Koforidua,Ghana,Active,2019,,,6.10941,-0.30206,False,,,,
aeronet,ICIPE-Mbita,AERONET site,Mbita,Kenya,Active,2010,,,-0.43152,34.20606,False,,,,
aeronet,Nairobi,AERONET site,Nairobi,Kenya,Inactive,2010,2015,,-1.33888,36.8653,False,,,,
aeronet,CRPSM_Malindi / ASI_Malindi,AERONET site,Malindi,Kenya,Inactive,2015,2018,,-2.996,40.1945,False,,,,
aeronet,Kibale,AERONET site,Kibale,Kenya,Inactive,2010,2015,,0.56045,30.3575,False,,,,
aeronet,Antananarivo_ESPA,AERONET site,Antananarivo,Madagascar,Active,2026,,,-18.97117,47.545,True,,,,
aeronet,Banizoumbou,AERONET site,Banizoumbou,Niger,Inactive,2000,,,13.54693,2.66519,False,,,,
aeronet,IER_Cinzana,AERONET site,Cinzana,Mali,Active,2005,,,13.2784,-5.93387,False,,,,
aeronet,Katibougou,AERONET site,Katibougou,Mali,Inactive,2004,2006,,12.91667,-7.532,False,,,,
aeronet,Homburi,AERONET site,Hombori,Mali,Inactive,2001,2002,,15.32917,-1.54667,False,,,,
aeronet,Benguerir_IASB,AERONET site,Benguerir,Morocco,Active,2026,,,32.22177,-7.934,True,,,,
aeronet,Ouarzazate,AERONET site,Ouarzazate,Morocco,Inactive,2010,2014,,30.92837,-6.91287,False,,,,
aeronet,Oukaimeden,AERONET site,Oukaimeden,Morocco,Inactive,2016,2019,,31.20879,-7.86449,False,,,,
aeronet,Oujda,AERONET site,Oujda,Morocco,Inactive,2018,2020,,34.65331,-1.89846,False,,,,
aeronet,Dahkla,AERONET site,Dakhla,Morocco,Inactive,2008,2011,,23.71667,-15.95,False,,,,
aeronet,Ras_El_Ain,AERONET site,Ras El Ain,Morocco,Inactive,2013,2015,,31.67028,-7.59944,False,,,,
aeronet,Inhaca,AERONET site,Inhaca,Mozambique,Inactive,2007,2010,,-26.04058,32.905,False,,,,
aeronet,UEM_Maputo,AERONET site,Maputo,Mozambique,Inactive,2020,2022,,-25.94967,32.6005,True,,,,
aeronet,Gorongosa,AERONET site,Gorongosa,Mozambique,Inactive,2020,2022,,-18.97842,34.35075,False,,,,
aeronet,Etosha_Pan,AERONET site,Etosha,Namibia,Inactive,2000,,,-19.17502,15.91438,False,,,,
aeronet,Gobabeb,AERONET site,Gobabeb,Namibia,Active,2015,,,-23.56162,15.04106,False,,,,
aeronet,Swakopmund,AERONET site,Swakopmund,Namibia,Inactive,2005,2010,,-22.65785,14.56403,False,,,,
aeronet,Henties_Bay,AERONET site,Henties Bay,Namibia,Inactive,2015,2017,,-22.09506,14.25974,False,,,,
aeronet,Walvis_Bay_airport,AERONET site,Walvis Bay,Namibia,Inactive,2015,2017,,-22.98,14.64,False,,,,
aeronet,Windhoek-NUST,AERONET site,Windhoek,Namibia,Inactive,2018,2020,,-22.56591,17.07304,False,,,,
aeronet,Windpoort,AERONET site,Windpoort,Namibia,Active,2018,,,-19.36556,15.48278,False,,,,
aeronet,Tsumkwe,AERONET site,Tsumkwe,Namibia,Inactive,2008,2010,,-19.61667,20.4425,False,,,,
aeronet,Bonanza,AERONET site,Bonanza,Namibia,Inactive,2008,2010,,-21.82556,19.59028,False,,,,
aeronet,Agoufou,AERONET site,Agoufou,Niger,Inactive,2004,2006,,15.3454,-1.47912,False,,,,
aeronet,Niamey,AERONET site,Niamey,Niger,Inactive,2000,2004,,13.48139,2.17222,False,,,,
aeronet,Zinder_Airport,AERONET site,Zinder,Niger,Active,2010,,,13.77668,8.99023,False,,,,
aeronet,DMN_Maine_Soroa,AERONET site,Maine-Soroa,Niger,Inactive,2006,2008,,13.21672,12.02307,False,,,,
aeronet,Dakar,AERONET site,Dakar,Senegal,Inactive,2000,2004,,14.39417,-16.95861,False,,,,
aeronet,Dakar_Belair,AERONET site,Dakar,Senegal,Active,2018,,,14.7017,-17.4258,True,,,,
aeronet,Bambey-ISRA,AERONET site,Bambey,Senegal,Active,2018,,,14.70857,-16.47673,False,,,,
aeronet,Joberg,AERONET site,Johannesburg,South Africa,Inactive,2000,,,-26.18613,28.02917,False,,,,
aeronet,Wits_University,AERONET site,Pretoria,South Africa,Inactive,2007,2012,,-26.19244,28.02897,False,,,,
aeronet,Pretoria_CSIR-DPSS,AERONET site,Pretoria,South Africa,Inactive,2015,2018,,-25.75661,28.27972,False,,,,
aeronet,Pretoria_CSIR-EC,AERONET site,Pretoria,South Africa,Active,2020,,,-25.75013,28.279,True,,,,
aeronet,Skukuza,AERONET site,Skukuza,South Africa,Active,2000,,,-24.9917,31.5875,False,,,,
aeronet,SKUKUZA_AEROPORT,AERONET site,Skukuza,South Africa,Active,2015,,,-24.969,31.593,False,,,,
aeronet,Bethlehem,AERONET site,Bethlehem,South Africa,Inactive,2000,,,-28.24833,28.33333,False,,,,
aeronet,Potchefstroom,AERONET site,Potchefstroom,South Africa,Inactive,2014,2016,,-26.69,27.091,False,,,,
aeronet,Elandsfontein,AERONET site,Elandsfontein,South Africa,Inactive,2012,2015,,-26.24534,29.41757,False,,,,
aeronet,Loskop_Dam,AERONET site,Loskop Dam,South Africa,Inactive,2013,2015,,-25.40758,29.35162,False,,,,
aeronet,Simonstown_IMT,AERONET site,Simon’s Town,South Africa,Inactive,2014,2016,,-34.19272,18.44567,False,,,,
aeronet,Upington,AERONET site,Upington,South Africa,Active,2010,,,-28.379,21.156,False,,,,
aeronet,Tunis_Carthage,AERONET site,Tunis,Tunisia,Inactive,2010,2014,,36.85,10.19978,False,,,,
aeronet,Medenine-IRA,AERONET site,Medenine,Tunisia,Active,2015,,,33.49963,10.64255,False,,,,
aeronet,Ben_Salem,AERONET site,Ben Salem,Tunisia,Inactive,2018,2020,,35.55055,9.914,False,,,,
aeronet,Kasama,AERONET site,Kasama,Zambia,Inactive,2000,2004,,-10.21697,31.13616,False,,,,
aeronet,Mfuwe,AERONET site,Mfuwe,Zambia,Inactive,2000,,,-13.25667,31.93083,False,,,,
aeronet,Mongu / Mongu_Inn,AERONET site,Mongu,Zambia,Active,2000,,,-15.25361,23.15083,False,,,,
aeronet,Mwinilunga,AERONET site,Mwinilunga,Zambia,Inactive,2000,,,-11.74,24.43067,False,,,,
aeronet,Ndola,AERONET site,Ndola,Zambia,Inactive,2000,,,-12.995,28.65833,False,,,,
aeronet,Solwezi,AERONET site,Solwezi,Zambia,Active,2000,,,-12.17067,26.36333,False,,,,
aeronet,Senanga,AERONET site,Senanga,Zambia,Inactive,2000,2004,,-16.10889,23.29333,False,,,,
aeronet,Sesheke,AERONET site,Sesheke,Zambia,Inactive,2000,2004,,-17.48083,24.30389,False,,,,
aeronet,Zambezi,AERONET site,Zambezi,Zambia,Inactive,2000,2004,,-13.53317,23.10719,False,,,,
aeronet,Misamfu,AERONET site,Misamfu,Zambia,Active,2018,,,-10.1712,31.2241,False,,,,
aeronet,REUNION_ST_DENIS,AERONET site,Saint-Denis,La Réunion,Active,1999,,,-20.90139,55.48474,False,,,,
aeronet,Maido_OPAR,AERONET site,Maïdo,La Réunion,Active,2020,,,-21.07985,55.3831,True,,,,
aeronet,St_Helena,AERONET site,Jamestown,Saint Helena,Active,2009,,,-15.9424,-5.6673,False,,,,
aeronet,Ascension_Island,AERONET site,Georgetown / Ascension Island,Ascension Island,Active,2000,,,-7.97639,-14.41472,False,,,,
aeronet,ARM_Ascension_Is,AERONET site,Georgetown / Ascension Island,Ascension Island,Inactive,2010,2012,,-7.96696,-14.34981,False,,,,
aeronet,Izana,AERONET site,Tenerife / Izaña,Canary Islands,Active,2000,,,28.30932,-16.49906,False,,,,
aeronet,Tenerife,AERONET site,Tenerife,Canary Islands,Active,2000,,,28.03333,-16.63333,False,,,,
aeronet,Teide,AERONET site,Tenerife,Canary Islands,Active,2000,,,28.27,-16.639,False,,,,
aeronet,Santa_Cruz_Tenerife,AERONET site,Santa Cruz de Tenerife,Canary Islands,Active,2010,,,28.473,-16.24736,False,,,,
aeronet,La_Laguna,AERONET site,La Laguna,Canary Islands,Active,2010,,,28.48194,-16.32111,False,,,,
aeronet,Las_Galletas,AERONET site,Las Galletas,Canary Islands,Inactive,2015,2018,,28.0152,-16.6545,False,,,,
aeronet,La_Palma,AERONET site,La Palma,Canary Islands,Inactive,2010,,,28.48667,-17.85,True,,,,
aeronet,MAGIC_ORM_La_Palma,AERONET site,La Palma,Canary Islands,Inactive,2015,2020,,28.76177,-17.8903,True,,,,
aeronet,Roque_Muchachos,AERONET site,La Palma,Canary Islands,Active,2015,,,28.7639,-17.8935,True,,,,
aeronet,PLOCAN_Tower,AERONET site,Atlantic / Gran Canaria,Canary Islands,Active,2018,,,28.04112,-15.3664,True,,,,
safari2000,Okwa River Crossing,Field campaign site,Ghanzi,Botswana,Completed,1999,2001,Aug 1999 – Mar 2001,-22.41,21.71,site,,,1999.6,2001.2
safari2000,Main Tower,Field campaign site,Maun,Botswana,Completed,1999,2001,Aug 1999 – Mar 2001,-19.92,23.56,site,,,1999.6,2001.2
safari2000,Floodplain Tower,Field campaign site,Maun,Botswana,Completed,1999,2001,Aug 1999 – Mar 2001,-19.55,23.18,site,,,1999.6,2001.2
safari2000,Pandamatenga Agricultural Station,Field campaign site,Pandamatenga,Botswana,Completed,1999,2001,Aug 1999 – Mar 2001,-18.66,25.5,site,,,1999.6,2001.2
safari2000,Sua Pan,Field campaign site,Sowa,Botswana,Completed,1999,2001,Aug 1999 – Mar 2001,-20.53,26.07,site,,,1999.6,2001.2
safari2000,Tshane,Field campaign site,Tshane,Botswana,Completed,1999,2001,Aug 1999 – Mar 2001,-24.17,21.89,site,,,1999.6,2001.2
safari2000,Etosha National Park,Field campaign site,Etosha National Park,Namibia,Completed,1999,2001,Aug 1999 – Mar 2001,-19.18,15.91,site,,,1999.6,2001.2
safari2000,Skukuza,Field campaign site,Skukuza,South Africa,Completed,1999,2001,Aug 1999 – Mar 2001,-25.02,31.5,site,,,1999.6,2001.2
safari2000,Mongu,Field campaign site,Mongu,Zambia,Completed,1999,2001,Aug 1999 – Mar 2001,-15.25,23.15,site,,,1999.6,2001.2
safari2000,Kataba Forest,Field campaign site,Kataba Forest,Zambia,Completed,1999,2001,Aug 1999 – Mar 2001,-15.44,23.25,site,,,1999.6,2001.2
safari2000,Kaoma,Field campaign site,Kaoma,Zambia,Completed,1999,2001,Aug 1999 – Mar 2001,-14.8,24.8,site,,,1999.6,2001.2
safari2000,Senanga,Field campaign site,Senanga,Zambia,Completed,1999,2001,Aug 1999 – Mar 2001,-16.11,23.29,site,,,1999.6,2001.2
safari2000,Zambezi,Field campaign site,Zambezi,Zambia,Completed,1999,2001,Aug 1999 – Mar 2001,-13.53,23.11,site,,,1999.6,2001.2
shadoz,Nairobi,Ozonesonde station,Nairobi,Kenya,Active,1998,,,-1.27,36.8,site,https://tropo.gsfc.nasa.gov/shadoz/Nairobi.html,,,
shadoz,Irene,Ozonesonde station,Irene,South Africa,Inactive,1998,2024,,-25.9,28.22,site,https://tropo.gsfc.nasa.gov/shadoz/Irene.html,,,
shadoz,Piton des Neiges,Ozonesonde station,Piton des Neiges,La Réunion,Inactive,1998,2023,,-21.1,55.48,site,https://tropo.gsfc.nasa.gov/shadoz/Reunion.html,,,
indaaf,Djougou,INDAAF site,Djougou,Benin,Active,2005,,,9.65,1.7333,False,,,,
indaaf,Zoétélé,INDAAF site,Zoétélé,Cameroon,Active,1996,,,3.1667,11.8167,False,,,,
indaaf,Bomassa,INDAAF site,Bomassa,Congo,Active,1998,,,2.2,16.3333,False,,,,
indaaf,Lamto,INDAAF site,Lamto,Côte d'Ivoire,Active,1994,,,6.2167,-5.0333,False,,,,
indaaf,Katibougou,INDAAF site,Katibougou,Mali,Active,1997,,,12.9333,-7.5333,False,,,,
indaaf,Cinzana,INDAAF site,Cinzana,Mali,Active,2006,,,13.2833,-5.9333,False,,,,
indaaf,Banizoumbou (chemistry),INDAAF site,Banizoumbou,Niger,Active,1995,,,13.3,2.3667,False,,,,
indaaf,Banizoumbou (aerosols),INDAAF site,Banizoumbou,Niger,Active,2006,,,13.5167,2.6333,False,,,,
indaaf,Bambey,INDAAF site,Bambey,Senegal,Active,2006,,,14.7,-16.4667,False,,,,
indaaf,Welgegund,Partner site,Welgegund,South Africa,Active,1997,,,-26.5667,26.9333,False,,,,
indaaf,Medenine,Partner site,Medenine,Tunisia,Active,2014,,,33.5,10.6333,False,,,,
ndacc,Saint-Denis,NDACC station,Saint-Denis,La Réunion,Active,1993,,,-20.9,55.5,False,https://ndacc.larc.nasa.gov/stations/reunion-island-st-denis-france,Yes,,
ndacc,Maïdo,NDACC station,Maïdo,La Réunion,Active,2012,,,-21.1,55.4,False,https://ndacc.larc.nasa.gov/stations/reunion-island-maido-france,Yes,,
ndacc,Mahé,NDACC station,Mahé,Seychelles,Active,2017,,,-4.68,55.53,False,https://ndacc.larc.nasa.gov/stations/mahe-seychelles,No,,
ndacc,Tenerife,NDACC station,Tenerife,Canary Islands,Active,1991,,,28.3,-16.48,False,https://ndacc.larc.nasa.gov/stations/izana-tenerife-spain,Yes,,
